<?xml version='1.0' encoding='utf-8'?>
<!DOCTYPE hibernate-configuration PUBLIC
        "-//Hibernate/Hibernate Configuration DTD//EN"
        "http://www.hibernate.org/dtd/hibernate-configuration-3.0.dtd">
<hibernate-configuration>
  <session-factory>
    <property name="connection.username">root</property>
    <property name="connection.password"></property>
    <property name="connection.url">jdbc:mysql://localhost:3306/kuis2pbo2</property>
    <property name="connection.driver_class">com.mysql.cj.jdbc.Driver</property>
    <property name="hibernate.id.new_generator_mappings">false</property>
    <mapping class="Kuis2.entities.AnggotaEntity"/>
    <mapping class="Kuis2.entities.BukuEntity"/>
    <mapping class="Kuis2.entities.PeminjamanEntity"/>
    <!-- <property name="connection.username"/> -->
    <!-- <property name="connection.password"/> -->

    <!-- DB schema will be updated if needed -->
    <!-- <property name="hibernate.hbm2ddl.auto">update</property> -->
  </session-factory>
</hibernate-configuration>